iter	loss	accuracy	f-score
1	0.28668442368507385	0.8526220954240024	0.12301957129543337
2	0.4343160092830658	0.866398888847179	0.16281138790035588
3	0.953901469707489	0.8824655580164421	0.2756972111553785
4	0.3131338357925415	0.8808138443635272	0.27185185185185184
5	0.3828592896461487	0.8909868989076166	0.32805350228792673
6	0.24255286157131195	0.8931641578137317	0.3051851851851852
7	0.6853442192077637	0.8996208566387627	0.34467120181405897
8	0.29421892762184143	0.9033372123578213	0.3744194355126831
9	0.2840845286846161	0.9059273996771651	0.3852608537030281
10	0.5606163740158081	0.902323660798078	0.35777351247600764
11	0.12674705684185028	0.9035999849844213	0.3691481197237145
12	0.38124752044677734	0.906865873343594	0.4001563110590074
13	0.7999571561813354	0.9068283343969368	0.3642559636501325
14	0.17358647286891937	0.9091932880363377	0.4
15	0.09821575880050659	0.909268365929652	0.3877245508982036
16	0.4708731472492218	0.9083674312098803	0.3923512747875354
17	0.6633089780807495	0.9133601111152821	0.3964431270841053
18	0.13513018190860748	0.913097338488682	0.40189297415362213
19	0.28179317712783813	0.9099440669694808	0.389572773352643
20	0.4343545734882355	0.9145613574083111	0.40853658536585363
21	0.3604123890399933	0.9125717932354818	0.39957416607523066
22	0.3186894357204437	0.9153496752881114	0.4298998569384835
23	0.5678144693374634	0.9163632268478547	0.43148479427549197
24	0.38689860701560974	0.9167010773677691	0.42141863699582754
25	0.041121091693639755	0.9172266226209692	0.4329822012350164
26	0.3394979238510132	0.9182026352340553	0.4373498111912118
27	0.9033607244491577	0.9161379931679117	0.4155084125822969
28	0.023257866501808167	0.9182401741807125	0.44286781179985063
29	0.40706053376197815	0.9195915762603701	0.4393732970027248
30	0.05273802950978279	0.9184278689139983	0.4411764705882352
31	0.1679106503725052	0.9186906415405983	0.4473398479913138
32	0.23296286165714264	0.9199669657269417	0.45092250922509225
33	0.06629110872745514	0.9228950035661999	0.46066992849077915
34	0.031305309385061264	0.9222943804196855	0.45473393227366965
35	0.09767168015241623	0.9235707046060287	0.4659259259259259
36	0.23835483193397522	0.9237208603926573	0.4793796263658795
37	0.011924846097826958	0.924584256165772	0.4710772428126082
38	0.21893209218978882	0.9232703930327715	0.4694226170140075
39	0.07212429493665695	0.923871016179286	0.4727773949000689
40	0.11525719612836838	0.9225196140996283	0.4545132743362832
41	0.4036807715892792	0.9233079319794286	0.45444952514949
42	0.028646457940340042	0.9234205488194002	0.4472663139329806
43	0.6858316659927368	0.9244341003791433	0.4685835995740149
44	0.28180697560310364	0.9232328540861143	0.456798866855524
45	0.049515169113874435	0.9237959382859717	0.4602026049204052
46	0.07552942633628845	0.9247719508990577	0.46361746361746364
47	0.16959312558174133	0.9239836330192575	0.46726296958855096
48	0.15598507225513458	0.925785502458801	0.4689950106913756
49	0.1731507033109665	0.9258981192987725	0.47759103641456585
50	0.16751906275749207	0.9263485866586584	0.48436963242871867
51	0.28356584906578064	0.9268365929652014	0.4853700516351119
52	0.39508122205734253	0.9264236645519727	0.490579977835242
53	0.4124312102794647	0.9275873718983445	0.47793326157158234
54	0.19925542175769806	0.9263861256053155	0.4790874524714829
55	0.5860785245895386	0.925297496152258	0.45614035087719307
56	0.7808470129966736	0.9251473403656293	0.4644582470669427
57	0.5187857747077942	0.9257479635121438	0.4763572679509632
58	0.02990039624273777	0.9267990540185442	0.4817420435510888
59	0.03653796762228012	0.9255978077255153	0.4774869109947644
60	0.005045623052865267	0.9255978077255153	0.47625649913344886
61	0.30620095133781433	0.9268741319118585	0.4828532235939644
62	0.06735431402921677	0.9263861256053155	0.47116052814454484
63	0.051923803985118866	0.926498742445287	0.4749232343909928
64	0.28411582112312317	0.9271369045384587	0.49511173184357543
65	0.057391457259655	0.925522729832201	0.47338466688985603
66	0.06027143448591232	0.9261608919253725	0.4802201582387341
67	0.1350759118795395	0.929614475017831	0.4900142653352354
68	0.1535237431526184	0.9283381508314876	0.49584987369180794
69	0.26016315817832947	0.9287886181913736	0.4937921248669741
70	0.03779829293489456	0.9280753782048876	0.4941343761109136
71	0.11085684597492218	0.9286384624047449	0.4848695652173913
72	0.1773228794336319	0.9274372161117159	0.4873779872096937
73	0.0408848412334919	0.9275873718983445	0.47270165551250437
74	0.6113941073417664	0.9275498329516874	0.46923076923076923
75	0.057346805930137634	0.9283006118848305	0.4919137466307278
76	0.19160521030426025	0.9275122940050302	0.491846921797005
77	0.13713929057121277	0.9284883066181163	0.4917241379310345
78	0.019144009798765182	0.928901235031345	0.4963350785340314
79	0.005040905438363552	0.9280003003115732	0.4903946908836885
80	0.017559904605150223	0.9280003003115732	0.48627726952850103
81	0.15171872079372406	0.9308532602575171	0.5107296137339056
82	0.1266176700592041	0.9298021697511167	0.5070422535211268
83	0.020292362198233604	0.9300274034310597	0.5053456878118318
84	0.10610821098089218	0.9302901760576598	0.4927740571025731
85	0.357860267162323	0.9287135402980592	0.49165815457950285
86	0.007033109664916992	0.9297270918578024	0.5035775127768314
87	0.04802396893501282	0.929614475017831	0.4991061851984269
88	0.131391704082489	0.929389241337888	0.49663478568898334
89	0.2374812513589859	0.9297270918578024	0.499312242090784
90	0.6450566649436951	0.9293141634445737	0.49643366619115553
91	0.04900723323225975	0.9311535718307744	0.5086083213773314
92	0.43141838908195496	0.9313788055107174	0.49549549549549554
93	0.13503232598304749	0.9302526371110027	0.5008695652173913
94	0.13188603520393372	0.9305154097376027	0.5015126050420168
95	0.12962181866168976	0.9314538834040317	0.5073580939032937
96	0.12056376785039902	0.9300649423777169	0.4883081155433288
97	0.3990912437438965	0.930327715004317	0.4859032370344587
98	0.03182148188352585	0.928413228724802	0.4815465729349736
99	0.004603747744113207	0.9299523255377454	0.4959944270289098
100	0.6874896883964539	0.9309283381508315	0.4987495534119329
101	0.05928248539566994	0.9306280265775743	0.497907949790795
102	0.2034967541694641	0.9299898644844026	0.5032657270539704
103	0.06446520239114761	0.9305904876309171	0.4951923076923077
104	0.000690460205078125	0.9315665002440031	0.5106082036775107
105	0.06108992174267769	0.9313788055107174	0.5010337698139214
106	0.6586599946022034	0.931266188670746	0.49267461669505963
107	0.19993244111537933	0.9296895529111453	0.4740951029098651
108	0.19307635724544525	0.9310034160441458	0.4953624184129165
109	0.20956982672214508	0.9307031044708886	0.5026881720430109
110	0.4078720510005951	0.9304027928976313	0.4896978021978022
111	0.19101500511169434	0.9309283381508315	0.48459958932238195
112	0.2124137133359909	0.9314163444573745	0.5042432814710042
113	0.037755087018013	0.9317917339239461	0.5014025245441796
114	0.13203346729278564	0.9296895529111453	0.49097222222222225
115	0.006420946214348078	0.9307031044708886	0.49256312694569354
116	0.07230593264102936	0.932242201283832	0.5149489975378122
117	0.47502943873405457	0.9314538834040317	0.502196688070294
118	0.01775027997791767	0.931754194977289	0.4965083798882681
119	0.30932238698005676	0.931528961297346	0.5060574593284873
120	0.056991323828697205	0.932242201283832	0.5062674094707521
121	0.27956700325012207	0.9321295844438605	0.5134761575673809
122	0.09288093447685242	0.9313037276174031	0.49244505494505497
123	0.1341462880373001	0.9301400202710312	0.48841231407817365
124	0.48967117071151733	0.931754194977289	0.507442021460713
125	0.20116379857063293	0.9301400202710312	0.5003357958361317
126	0.10084949433803558	0.9316415781373175	0.5044612216884009
127	0.50484699010849	0.9322797402304891	0.5161514414727336
128	0.0009349265019409359	0.9322046623371748	0.5141657922350472
129	0.23347274959087372	0.9318292728706032	0.5023890784982935
130	0.1854521483182907	0.9321295844438605	0.4994753410283315
131	0.042496804147958755	0.9314914223506888	0.505668155273102
132	0.40680575370788574	0.9323923570704606	0.5163790066924973
133	0.303440660238266	0.9317166560306318	0.4994903160040775
134	0.2596805989742279	0.9333683696835466	0.5149863760217983
135	0.18388311564922333	0.9334059086302038	0.5184411969380653
136	0.07598605006933212	0.9319418897105747	0.5062674094707521
137	0.08578597009181976	0.9323172791771462	0.5082024432809773
138	0.053207769989967346	0.9343068433499756	0.5172647257955315
139	0.009740617126226425	0.9331055970569466	0.5097380792478173
140	0.031990520656108856	0.9331431360036038	0.5212876427829699
141	0.004099369049072266	0.9328052854836894	0.5123849964614295
142	0.20498047769069672	0.9335560644168325	0.5246699096594858
143	0.12340423464775085	0.9325049739104321	0.5179063360881543
144	0.05681051313877106	0.9322797402304891	0.5073529411764706
145	0.033793408423662186	0.9334809865235182	0.5237270523034292
146	0.13636231422424316	0.9313037276174031	0.5072208524128216
147	0.28656303882598877	0.9331431360036038	0.5205479452054793
148	0.008947796188294888	0.9343068433499756	0.5162838532739115
149	0.33012428879737854	0.9332182138969181	0.5086469989827059
150	0.20277509093284607	0.9321671233905177	0.49441340782122906
151	0.04529497027397156	0.9324674349637749	0.5109540636042402
152	0.07455429434776306	0.9332182138969181	0.499665551839465
153	0.02583836019039154	0.9319794286572318	0.5006648936170213
154	0.04269728809595108	0.9328803633770036	0.509710391822828
155	0.11361967027187347	0.9327677465370322	0.5025432349949134
156	0.003839121898636222	0.9314163444573745	0.5022390630382363
157	0.11116923391819	0.9337062202034611	0.5234293648038876
158	0.1406106948852539	0.933931453883404	0.5287757237530519
159	0.010473627597093582	0.9335185254701753	0.5191698909602532
160	0.14542803168296814	0.9323923570704606	0.508641975308642
161	0.025768471881747246	0.9327677465370322	0.5052337752965806
162	0.12583127617835999	0.933931453883404	0.5171102661596958
163	0.49373409152030945	0.9328428244303465	0.5168776371308017
164	0.06536554545164108	0.9325049739104321	0.5201640464798359
165	0.10176069289445877	0.9323548181238035	0.5146958304853042
166	6.015777762513608e-05	0.9330680581102895	0.5103878116343491
167	0.13898731768131256	0.9340816096700326	0.5122540559199172
168	0.00157057901378721	0.9333308307368895	0.5165562913907285
169	0.18807952105998993	0.9339689928300612	0.5168930686172066
170	0.021724171936511993	0.9333308307368895	0.5165247018739353
171	0.012488467618823051	0.9331806749502609	0.5114662960389159
172	0.26690474152565	0.9329929802169751	0.5074214704867104
173	0.014590200036764145	0.9335185254701753	0.5229166666666666
174	0.0807492733001709	0.9324298960171178	0.5092999661819412
175	0.22798436880111694	0.9343819212432899	0.5283146829433706
176	0.012286177836358547	0.9347197717632043	0.5276804484933427
177	0.01187378354370594	0.9341191486166898	0.5126079447322972
178	0.02549128048121929	0.9310034160441458	0.5005393743257821
179	0.07422707229852676	0.931754194977289	0.5072967338429466
180	0.5657569169998169	0.9334059086302038	0.5100485100485102
181	0.13221991062164307	0.9345320770299186	0.5213705404450724
182	0.30469197034835815	0.9335560644168325	0.5248562732499155
183	0.2851906418800354	0.9342317654566613	0.54069355980184
184	0.04086433723568916	0.9338939149367469	0.5281837160751566
185	0.0019720394629985094	0.9328428244303465	0.5075253762688134
186	0.004296493716537952	0.9354705506963474	0.5226027397260274
187	0.1708950251340866	0.9332932917902323	0.5060565275908478
188	0.09780701249837875	0.9336311423101468	0.5187690226580994
189	0.45390552282333374	0.9339689928300612	0.5217699115044248
190	0.05685386061668396	0.9329929802169751	0.5161512027491408
191	0.5228385329246521	0.9319043507639175	0.5042016806722689
192	0.07951471209526062	0.9328803633770036	0.5134662469394894
193	0.023119725286960602	0.9317166560306318	0.5150454863540938
194	0.512584924697876	0.9326175907504035	0.5079796264855687
195	0.017629655078053474	0.9332557528435752	0.5159301130524151
196	0.053684793412685394	0.9338188370434326	0.5165289256198347
197	0.05291670560836792	0.9337437591501182	0.5194805194805195
198	0.07722432166337967	0.9335936033634896	0.5166498486377396
199	0.10014576464891434	0.9342317654566613	0.5214360404322064
200	0.06908367574214935	0.9329554412703179	0.5079584775086504
201	0.31583651900291443	0.9338188370434326	0.528719723183391
202	0.04132659733295441	0.9323548181238035	0.5115489130434782
203	0.002056042430922389	0.9319043507639175	0.5199576121511833
204	0.5248285531997681	0.9338939149367469	0.5225589225589227
205	0.029362604022026062	0.9331055970569466	0.5084745762711864
206	0.16761980950832367	0.9338939149367469	0.5207969241523942
207	0.0037939364556223154	0.9330680581102895	0.49644910382144064
208	0.39131638407707214	0.9344569991366042	0.5256903180706047
209	0.07339449226856232	0.9331055970569466	0.5076495132127955
210	0.3343721628189087	0.9331431360036038	0.5192504258943782
211	0.00360661162994802	0.9331431360036038	0.5177111716621253
212	0.0024897484108805656	0.9338939149367469	0.5162162162162162
213	0.16444246470928192	0.9333683696835466	0.511164548265201
214	0.164602130651474	0.9319043507639175	0.5053800763623741
215	0.019655875861644745	0.9340816096700326	0.5211952744961779
216	0.02218012884259224	0.9323923570704606	0.5172656800563777
217	0.03177761659026146	0.9320169676038891	0.5109337035751476
218	0.18078602850437164	0.9323923570704606	0.5182584269662921
219	0.003918280825018883	0.9329554412703179	0.524567474048443
220	0.0007086197729222476	0.9331055970569466	0.5200698080279232
221	0.3303077816963196	0.9323172791771462	0.5092499159098554
222	0.014040587469935417	0.9325800518037464	0.5079584775086504
223	0.0009994092397391796	0.93464469386989	0.529350468912817
224	0.08619587868452072	0.9330305191636322	0.5118163403106009
225	0.006228186655789614	0.9350200833364616	0.5219529329118371
226	0.07607412338256836	0.9330680581102895	0.5232155232155231
227	0.07556334137916565	0.9328803633770036	0.5165652467883705
228	0.006638208869844675	0.9329179023236608	0.5127855438117969
229	0.024511845782399178	0.9319418897105747	0.5163710777626194
230	0.39194926619529724	0.9340440707233755	0.5199189736664417
231	0.008384504355490208	0.93464469386989	0.5220147939415287
232	0.003789241425693035	0.9328052854836894	0.5091899251191286
233	0.006712897680699825	0.9326551296970607	0.5180806675938804
234	0.0	0.9335936033634896	0.5149125814192664
235	0.1744750440120697	0.9348323886031757	0.523312456506611
236	0.00673661008477211	0.9322797402304891	0.5015166835187058
237	0.10633797943592072	0.9327302075903751	0.5223512847588878
238	3.4332275390625e-05	0.9335185254701753	0.5175498967653132
239	0.29351499676704407	0.9318668118172604	0.49931787175989084
240	0.11438184231519699	0.9345320770299186	0.5303135888501742
241	0.053204964846372604	0.9337812980967755	0.5261336102457598
242	0.017004773020744324	0.9330680581102895	0.5178696566222845
243	0.17960545420646667	0.9335560644168325	0.5197231833910035
244	0.05410650372505188	0.9323923570704606	0.5163286352698522
245	0.11584291607141495	0.9329929802169751	0.5067232837933475
246	0.20345154404640198	0.9342693044033185	0.5246245197345443
247	0.2698192000389099	0.9337062202034611	0.5173501577287067
248	0.35207700729370117	0.9343068433499756	0.5253077975376197
249	0.04259446635842323	0.9329554412703179	0.527342389411355
250	0.1393159031867981	0.9331806749502609	0.5090166723375298
251	0.258762389421463	0.9334059086302038	0.5197231833910035
252	0.45974475145339966	0.9325425128570892	0.5137741046831956
253	0.32906773686408997	0.9344569991366042	0.5252043596730246
254	0.1353376805782318	0.9330305191636322	0.5087131367292225
255	0.21194608509540558	0.9331806749502609	0.5220061412487206
256	0.01554328203201294	0.9348323886031757	0.5297372060857539
257	0.3606152832508087	0.9353203949097189	0.5192572214580468
258	0.2573953866958618	0.9322797402304891	0.5038327526132405
259	0.0017728805541992188	0.9336311423101468	0.513623978201635
260	0.0039479732513427734	0.9326551296970607	0.5062849162011174
261	0.21360377967357635	0.9331055970569466	0.505307855626327
262	0.12827779352664948	0.9325049739104321	0.500867152271939
263	0.37336134910583496	0.9307031044708886	0.5016677785190126
264	0.038896918296813965	0.9335185254701753	0.5191919191919193
265	0.00044926730333827436	0.9338563759900897	0.5292479108635098
266	0.09934672713279724	0.934869927549833	0.5243986254295533
267	0.11260437965393066	0.9325425128570892	0.5165332405151409
268	0.061473459005355835	0.9325049739104321	0.5071007966747489
269	0.012423722073435783	0.9342317654566613	0.5197231833910035
270	0.4689297378063202	0.9349450054431473	0.5184673800483258
271	0.007270229980349541	0.9347197717632043	0.5224080267558529
272	0.0796230211853981	0.9335185254701753	0.5216788067984738
273	0.4179995656013489	0.9341191486166898	0.5259208731241474
274	0.06384281814098358	0.9334809865235182	0.5250965250965252
275	0.04247283190488815	0.9335936033634896	0.5157147685028726
276	0.12647132575511932	0.9345696159765757	0.528712198436969
277	0.23140980303287506	0.9327677465370322	0.5270316218973138
278	0.34779539704322815	0.9336686812568039	0.5196687370600415
279	0.1479576826095581	0.9338939149367469	0.5240497813656239
280	0.00011460677342256531	0.9332182138969181	0.5098305084745762
281	0.002467575017362833	0.9331055970569466	0.5221606648199446
282	0.026470661163330078	0.933443447576861	0.5264255910987482
283	0.15830765664577484	0.9343819212432899	0.5282758620689655
284	0.15037192404270172	0.9336686812568039	0.5196145905024089
285	0.14733093976974487	0.9327677465370322	0.5175017158544956
286	0.05130920186638832	0.9334809865235182	0.5121951219512195
287	0.0028880389872938395	0.9336311423101468	0.515598217346589
288	0.03540635108947754	0.9324674349637749	0.5177036782399449
289	0.008637077175080776	0.9340440707233755	0.5079044735956946
290	0.029286229982972145	0.9342317654566613	0.5194174757281554
291	0.09833461046218872	0.9331431360036038	0.5114217524718718
292	0.38153210282325745	0.9327677465370322	0.5064758009543285
293	0.13813722133636475	0.9331055970569466	0.5109243697478991
294	0.13851866126060486	0.9337812980967755	0.5191460521856996
295	0.24819441139698029	0.9323923570704606	0.5087837837837837
296	0.0735875740647316	0.9322046623371748	0.5093632958801497
297	0.0040121921338140965	0.9335185254701753	0.5222614840989399
298	0.1370278298854828	0.9323172791771462	0.49966101694915255
299	0.03879426047205925	0.9335560644168325	0.5295950155763239
300	0.0006482260650955141	0.9338188370434326	0.5286968264686024
301	0.4665367603302002	0.9352453170164046	0.5341144038594072
302	0.06521429866552353	0.9323923570704606	0.5109589041095891
303	0.364865779876709	0.9336311423101468	0.510854816824966
304	0.02412545494735241	0.9327677465370322	0.5104919160646716
305	0.1797393262386322	0.934419460189947	0.5202913631633715
306	0.2599950432777405	0.9337812980967755	0.5150034891835311
307	0.2730866074562073	0.9352077780697473	0.5222531293463143
308	0.0028581495862454176	0.9327677465370322	0.5105227427019687
309	0.06845525652170181	0.9328428244303465	0.512504282288455
310	0.02385624125599861	0.9347197717632043	0.5236787920384351
311	0.05835549160838127	0.9340440707233755	0.5152868430092751
312	0.26354917883872986	0.931528961297346	0.504635761589404
313	0.192392036318779	0.9343068433499756	0.5176793683487814
314	0.5976864099502563	0.9341191486166898	0.5061643835616438
315	0.11963006108999252	0.9338563759900897	0.5195511730703842
316	0.20425008237361908	0.9342317654566613	0.5145429362880887
317	0.07454167306423187	0.9331806749502609	0.5066844919786095
318	0.053358644247055054	0.9334809865235182	0.5070519435844514
319	0.0009320203098468482	0.933443447576861	0.5131175468483817
320	1.4750162335985806e-05	0.9319418897105747	0.5081006549465702
321	0.12912510335445404	0.9332182138969181	0.4994991652754591
322	0.05324527621269226	0.9334809865235182	0.5157967032967032
323	0.001822593854740262	0.9331055970569466	0.5079472438282043
324	0.013091469183564186	0.9341191486166898	0.5194894791307346
325	0.02019783854484558	0.9330680581102895	0.505902192242833
326	0.034931305795907974	0.9337812980967755	0.5212328767123288
327	0.05233963206410408	0.9311160328841173	0.5135888501742161
328	0.2090809941291809	0.933931453883404	0.5218281036834925
329	0.28020262718200684	0.9335560644168325	0.5106970324361628
330	3.4513927857915405e-06	0.9335185254701753	0.5106675843083276
331	0.11861448734998703	0.9337437591501182	0.514721163837894
332	0.11430580168962479	0.9337437591501182	0.5114345114345114
333	0.33955851197242737	0.9334809865235182	0.5201668984700973
334	0.08030384033918381	0.9335185254701753	0.5218288071502234
335	0.11410819739103317	0.9337062202034611	0.5234619395203337
336	0.060974422842264175	0.9353203949097189	0.5248868778280543
337	0.0028007295913994312	0.9340816096700326	0.5260597637248089
338	0.0229201540350914	0.9347948496565186	0.5294733170561562
339	0.010099931620061398	0.9344569991366042	0.5298631965298632
340	0.011637508869171143	0.9339689928300612	0.5224913494809689
341	0.05424795672297478	0.9333683696835466	0.5115346038114343
342	0.002971947193145752	0.9335185254701753	0.5178326474622771
343	0.021460426971316338	0.9345696159765757	0.5272978576364893
344	0.1735885739326477	0.9333683696835466	0.5232830820770519
345	0.16148419678211212	0.9359585570028905	0.5475862068965517
346	0.040096599608659744	0.9352453170164046	0.5307398402222995
347	0.4424929916858673	0.9346822328165472	0.5306406685236769
348	0.8740674257278442	0.934156687563347	0.513335642535504
349	0.04132300615310669	0.9350200833364616	0.5296610169491525
350	0.13847696781158447	0.9333683696835466	0.5269461077844311
351	0.030672894790768623	0.9349074664964901	0.5362469649670483
352	0.014713951386511326	0.9343068433499756	0.5300353356890459
353	0.05679341033101082	0.9335560644168325	0.5205852330724736
354	0.14538845419883728	0.9340440707233755	0.5342087076710436
355	1.5497207641601562e-05	0.9335185254701753	0.5151618398637138
356	0.0	0.9337062202034611	0.520136518771331
357	0.009892694652080536	0.9340816096700326	0.5273492286115007
358	0.008834716863930225	0.9329929802169751	0.5129076086956521
359	0.1041964665055275	0.9348323886031757	0.5339839665388636
360	0.004953854717314243	0.9343443822966327	0.5268630849220104
361	0.2596943974494934	0.9345696159765757	0.5305980528511822
362	0.0013711187057197094	0.9341942265100042	0.5248655913978494
363	0.23197203874588013	0.934156687563347	0.5178211163416274
364	2.6409443307784386e-06	0.934156687563347	0.5128733264675592
365	0.04629707336425781	0.9332932917902323	0.5144628099173554
366	0.18072228133678436	0.9334809865235182	0.5114093959731543
367	0.01998913288116455	0.9338939149367469	0.521917808219178
368	0.0003075599670410156	0.9341191486166898	0.5256588072122054
369	0.4092159569263458	0.9349450054431473	0.5313678436750086
370	0.6186715364456177	0.9332932917902323	0.5159342502515935
371	0.008006265386939049	0.9341942265100042	0.5260974766678188
372	0.06889448314905167	0.9344945380832614	0.5235602094240837
373	0.012230261228978634	0.9345696159765757	0.5333333333333333
374	0.06192391365766525	0.934419460189947	0.5228130360205833
375	0.19243492186069489	0.9350200833364616	0.5354927636113026
376	0.0007131749880500138	0.9345320770299186	0.5458970792767732
377	0.014787385240197182	0.9339689928300612	0.530640191715166
378	0.009395599365234375	0.9347197717632043	0.5393180236604036
379	0.06742579489946365	0.9329179023236608	0.5102797438490058
380	0.1385621279478073	0.9338939149367469	0.523243976925687
381	0.053901441395282745	0.934419460189947	0.5329280648429585
382	0.0648137554526329	0.9325800518037464	0.532329798152583
383	0.1450585424900055	0.9331055970569466	0.5141509433962264
384	0.10244170576334	0.9350200833364616	0.5376344086021505
385	0.257896363735199	0.933443447576861	0.5158865732832251
386	0.3432384431362152	0.9337062202034611	0.5310889728615596
387	0.005120235029608011	0.9327302075903751	0.5207496653279785
388	0.2422237992286682	0.9343443822966327	0.5305291723202171
389	0.44210919737815857	0.9339689928300612	0.5287904599659283
390	0.24538132548332214	0.9319794286572318	0.5070993914807302
391	0.08888644725084305	0.9340440707233755	0.5318635893902859
392	0.11271806806325912	0.9337812980967755	0.5241852487135507
393	0.12893304228782654	0.9338939149367469	0.5314207650273224
394	0.019555697217583656	0.9341191486166898	0.5251918585251919
395	0.027601374313235283	0.9325425128570892	0.5207448546226724
396	0.46798932552337646	0.9341191486166898	0.5190575190575191
397	0.3002540171146393	0.9337812980967755	0.5200553250345782
398	0.0680168941617012	0.9339689928300612	0.5195848677602947
399	0.00211111712269485	0.934419460189947	0.5201916495550993
400	0.11825703084468842	0.9340816096700326	0.528931245745405
401	0.04544428735971451	0.933443447576861	0.5190217391304347
402	0.07284701615571976	0.9346071549232329	0.5166722802290333
403	0.13366815447807312	0.9348323886031757	0.5209112546752805
404	0.0014208158245310187	0.9344945380832614	0.5258119658119658
405	0.0031886722426861525	0.9337812980967755	0.531324888736734
406	0.4179987609386444	0.9334809865235182	0.5159786950732357
407	0.0639931708574295	0.9338939149367469	0.5300564596479574
408	0.008285281248390675	0.9331055970569466	0.5203361344537815
409	0.0005640428862534463	0.9350200833364616	0.5304684748150756
410	0.06452421098947525	0.9350951612297759	0.5282121006118287
411	0.09154659509658813	0.9342693044033185	0.5126452494873548
412	0.05329187959432602	0.9324674349637749	0.5163853028798412
413	0.0007828341331332922	0.9347948496565186	0.5359918891517405
414	4.088878631591797e-05	0.9346071549232329	0.5237113402061856
415	0.020433317869901657	0.9352828559630617	0.532516172965611
416	0.010789564810693264	0.9347573107098615	0.5304559693699965
417	0.15006817877292633	0.9332932917902323	0.5176390773405698
418	0.015608728863298893	0.934419460189947	0.5269256987048399
419	0.02915777824819088	0.9352077780697473	0.5317515701325889
420	0.15227550268173218	0.9335936033634896	0.5209621993127148
421	0.03425813838839531	0.9338563759900897	0.5196274118429807
422	0.042588744312524796	0.9338563759900897	0.5212161710658202
423	0.07751013338565826	0.9340440707233755	0.5144374377696648
424	0.09305910021066666	0.9329929802169751	0.521323780279768
425	0.31299692392349243	0.9334809865235182	0.528135593220339
426	0.1743897795677185	0.9347197717632043	0.5186931626810373
427	0.11157556623220444	0.9347573107098615	0.5335616438356163
428	0.10858385264873505	0.9328052854836894	0.5071574642126789
429	0.3866128921508789	0.9338939149367469	0.5300964416361822
430	0.14824600517749786	0.9317917339239461	0.5090786819098857
431	0.32617494463920593	0.9332182138969181	0.523015343562375
432	0.0026183724403381348	0.9329179023236608	0.5126079447322972
433	0.0005278360331431031	0.9353203949097189	0.5339739190116677
434	0.07145492732524872	0.9340816096700326	0.5215547703180212
435	0.37023526430130005	0.9331806749502609	0.5254526819268875
436	0.7958054542541504	0.9329554412703179	0.5170797052913596
437	0.000186920166015625	0.9353954728030331	0.5310924369747899
438	0.006171733140945435	0.935583167536319	0.5279838165879973
439	0.16169007122516632	0.9340816096700326	0.5215619694397284
440	0.012649433687329292	0.9340440707233755	0.5132151221144196
441	0.0006292854668572545	0.934869927549833	0.5364193328795099
442	0.5132601857185364	0.9340065317767183	0.5197168857431749
443	0.17728585004806519	0.9327677465370322	0.5195586760280843
444	0.19963482022285461	0.9338939149367469	0.5088362787595865
445	0.00043409012141637504	0.9347573107098615	0.5280821917808218
446	0.055838484317064285	0.9336311423101468	0.5196045005114218
447	1.6911824786802754e-05	0.9338939149367469	0.5210597826086957
448	0.0172065868973732	0.9341191486166898	0.5227736233854521
449	0.26077282428741455	0.9332182138969181	0.5203145478374837
450	0.11274130642414093	0.9342317654566613	0.5240204429301533
451	0.012482267804443836	0.9339689928300612	0.527254028111073
452	0.085610531270504	0.933443447576861	0.5208747514910538
453	0.0036415522918105125	0.9336311423101468	0.5283540802213001
454	0.0568210743367672	0.9335185254701753	0.5292328489354511
455	0.01741279661655426	0.935357933856376	0.5238578680203047
456	0.19574686884880066	0.9346822328165472	0.527376553577427
457	0.014680974185466766	0.9343443822966327	0.5374056280027454
458	0.011995633132755756	0.9340816096700326	0.5115500502176096
459	0.17788918316364288	0.935132700176433	0.5283531409168082
460	0.056395869702100754	0.9336686812568039	0.5268781302170283
461	0.20004740357398987	0.9341942265100042	0.5278450363196127
462	0.0005909204483032227	0.9336686812568039	0.5151618398637138
463	0.08826347440481186	0.9346822328165472	0.530985438537081
464	0.04297863692045212	0.933443447576861	0.514323784143904
465	0.00779302092269063	0.9344945380832614	0.5272606382978723
466	0.12424562126398087	0.9351702391230902	0.5198506956226671
467	0.05152703449130058	0.935845940162919	0.5310274669379451
468	0.08416833728551865	0.9337812980967755	0.521414004078858
469	0.06966647505760193	0.9335185254701753	0.5124747134187458
470	0.04033660888671875	0.9343819212432899	0.5172890733056708
471	0.09939034283161163	0.9338563759900897	0.5215889464594128
472	0.07447726279497147	0.9339689928300612	0.5183957573748756
473	0.0005526840686798096	0.9333683696835466	0.5225653206650832
474	0.2024650126695633	0.9329179023236608	0.5271265907568654
475	0.2927442789077759	0.9342317654566613	0.5195511730703842
476	0.0031316420063376427	0.9335936033634896	0.5177905794645883
477	0.10590104013681412	0.9342693044033185	0.5272051368705644
478	0.05297909677028656	0.9336311423101468	0.5297619047619049
479	0.005013494752347469	0.934869927549833	0.5310463121783876
480	0.26486051082611084	0.935132700176433	0.521860790486184
481	0.0669989287853241	0.9339689928300612	0.5256322624743677
482	0.17071494460105896	0.9338939149367469	0.524556616643929
483	0.030998583883047104	0.9331431360036038	0.519674355495251
484	0.04960174858570099	0.9332557528435752	0.5281980742778543
485	1.844719190557953e-05	0.9338939149367469	0.5161069225496916
486	0.3593366742134094	0.9342693044033185	0.5168918918918919
487	0.03907650336623192	0.9333308307368895	0.5207419898819562
488	0.004040956497192383	0.9334809865235182	0.5323741007194245
489	0.0778522938489914	0.9360336348962048	0.5284552845528455
490	0.12658435106277466	0.9349074664964901	0.5325077399380805
491	1.0044375658035278	0.9325425128570892	0.5192697768762677
492	0.13936489820480347	0.9314163444573745	0.5156085584005612
493	0.11295700073242188	0.9331806749502609	0.5158311345646437
494	0.05495757982134819	0.9336311423101468	0.5292724196277495
495	0.11992109566926956	0.9333683696835466	0.5051264524948735
496	0.1014954000711441	0.9341191486166898	0.5251204404679972
497	0.0010971341980621219	0.9338939149367469	0.5232519237203078
498	0.0010360751766711473	0.9346071549232329	0.5262798634812287
499	0.16046682000160217	0.9347573107098615	0.5196903399528778
500	0.3411964476108551	0.934156687563347	0.5219150370869858
501	0.13102325797080994	0.933443447576861	0.5180926614812309
502	0.5726709365844727	0.9337437591501182	0.5309613410879234
503	0.1458057016134262	0.9332182138969181	0.5069846678023849
504	0.6011403203010559	0.9340440707233755	0.5318074722315719
505	0.022893767803907394	0.9331806749502609	0.5220433869839048
506	0.071966253221035	0.9352077780697473	0.5300136425648022
507	0.005694198422133923	0.9329179023236608	0.5313017555481948
508	0.03968013450503349	0.9336311423101468	0.5383304940374787
509	0.008678627200424671	0.9336311423101468	0.5321597833446174
510	0.0012866125907748938	0.9343443822966327	0.535533849781071
511	0.041763972491025925	0.9337812980967755	0.528032619775739
512	0.014748646877706051	0.9343068433499756	0.5202632490474541
513	0.016588641330599785	0.9353954728030331	0.53623681524328
514	1.52587890625e-05	0.9343068433499756	0.5339908418457203
515	0.29436880350112915	0.9334809865235182	0.521117166212534
516	0.000652965740300715	0.9325425128570892	0.5200674536256324
517	0.2816755771636963	0.9324674349637749	0.5271587743732591
518	0.10196422785520554	0.9332182138969181	0.5275103163686382
519	0.031092064455151558	0.9337062202034611	0.5306260575296109
520	0.007514581549912691	0.9323548181238035	0.5279838165879973
521	0.07581569999456406	0.9330305191636322	0.519959745051996
522	0.5169104933738708	0.9328052854836894	0.5283531409168082
523	0.0033345541451126337	0.9340065317767183	0.5234215885947048
524	0.01982877589762211	0.9332932917902323	0.5274133871510258
525	0.06792572885751724	0.9341191486166898	0.5403311025008806
526	0.0075010089203715324	0.9337437591501182	0.5371900826446281
527	0.005745871923863888	0.9325425128570892	0.5197701926326461
528	0.2673247456550598	0.934419460189947	0.5402061855670104
529	0.22076314687728882	0.9327677465370322	0.5130707563611013
530	8.035213795665186e-06	0.9340440707233755	0.5386448757235274
531	0.17205536365509033	0.9321295844438605	0.5211640211640212
532	0.27132052183151245	0.9336686812568039	0.5210256410256411
533	0.02930542454123497	0.9333683696835466	0.5316370940743221
534	0.1345169097185135	0.935132700176433	0.5419795221843002
535	0.02144596353173256	0.9350200833364616	0.5337020394054615
536	0.04596666619181633	0.9356582454296333	0.5259586019681031
537	0.34218642115592957	0.9337062202034611	0.524822695035461
538	0.09552294760942459	0.935357933856376	0.5302771125555936
539	0.06425503641366959	0.9338188370434326	0.5235962797106442
540	3.2697405458748108e-06	0.9352453170164046	0.5435302150904745
541	0.01669459231197834	0.9338188370434326	0.5214499501163951
542	0.04531923681497574	0.9339689928300612	0.5262791507135399
543	0.00021648406982421875	0.9347573107098615	0.5327951564076691
544	0.20839625597000122	0.9341191486166898	0.5213849287169042
545	0.17161613702774048	0.9335185254701753	0.5241747249083027
546	0.00010137558274436742	0.9343819212432899	0.5311542390194076
547	0.4616856873035431	0.9349074664964901	0.5317760219855721
548	0.016622895374894142	0.9353954728030331	0.5341488277268093
549	0.024202637374401093	0.934869927549833	0.529532967032967
550	0.1750732958316803	0.9346822328165472	0.5307224848075625
551	0.002571635879576206	0.934869927549833	0.5262444971215713
552	0.4427417516708374	0.9340440707233755	0.5321354526606772
553	0.030311860144138336	0.9354330117496903	0.5492763611302551
554	0.005239129066467285	0.9340065317767183	0.5277027027027026
555	0.014354896731674671	0.9346071549232329	0.5281618887015177
556	0.002275837818160653	0.9341191486166898	0.5273463875759623
557	0.01972055993974209	0.9344569991366042	0.523680649526387
558	4.425048973644152e-05	0.9347948496565186	0.5242070116861436
559	0.0	0.9328428244303465	0.5146120255290562
560	0.0773395225405693	0.9338939149367469	0.5392869505019038
561	0.0671570673584938	0.9332182138969181	0.5190171659373948
562	0.03419865295290947	0.9351702391230902	0.5352209944751382
563	0.07231397181749344	0.9343443822966327	0.5270409920771615
564	0.03808211162686348	0.9353954728030331	0.5297741273100617
565	0.08906936645507812	0.9347197717632043	0.5201217450118363
566	0.01058849785476923	0.9352077780697473	0.5221508285424417
567	0.010272166691720486	0.9345696159765757	0.5301924353019243
568	0.023182541131973267	0.9349074664964901	0.5380156836004091
569	0.00010191599722020328	0.9349074664964901	0.5285810356422327
570	0.012214484624564648	0.9361087127895191	0.5320095857583019
571	0.0	0.9361087127895191	0.5402684563758389
572	0.06730388849973679	0.9349450054431473	0.5218878248974007
573	0.0006218405324034393	0.9345696159765757	0.5281239474570563
574	0.12454066425561905	0.934419460189947	0.5293915434857339
575	0.08524052798748016	0.934869927549833	0.5230139788612342
576	0.018491724506020546	0.936071173842862	0.5409667466575249
577	0.26292476058006287	0.9348323886031757	0.5290055248618785
578	0.3391079008579254	0.9350200833364616	0.5243986254295533
579	0.33219897747039795	0.9340440707233755	0.5178691840863114
580	0.13844949007034302	0.9340816096700326	0.5216207013959823
581	0.023337380960583687	0.9343443822966327	0.5182679296346414
582	0.0010705991880968213	0.9328428244303465	0.5239057239057239
583	7.629394644936838e-07	0.9352077780697473	0.5391244398483281
584	0.0003814697265625	0.9338188370434326	0.531764705882353
585	0.613187849521637	0.9352077780697473	0.5339455559199738
586	0.38014745712280273	0.9343068433499756	0.5357999314833847
587	0.009995137341320515	0.93464469386989	0.5287356321839081
588	0.0034328068140894175	0.9332182138969181	0.5272360457296571
589	0.05254797637462616	0.9339689928300612	0.5269905533063428
590	0.11347521841526031	0.9340816096700326	0.5324763193504737
591	0.004104828927665949	0.9364465633094335	0.5360054347826088
592	0.005875003058463335	0.9351702391230902	0.5401160805735746
593	0.01998244598507881	0.9358084012162619	0.5422437673130194
594	0.3347296714782715	0.9343443822966327	0.5238095238095237
595	0.003826766274869442	0.9348323886031757	0.5226130653266331
596	0.028215257450938225	0.9350951612297759	0.5160628844839371
597	0.11503245681524277	0.9340065317767183	0.5210650488709134
598	0.0986274927854538	0.9347948496565186	0.5277494041538986
599	0.03900611773133278	0.9349074664964901	0.5307509344206591
600	0.042815037071704865	0.9349825443898044	0.5224184782608695
601	0.11159703880548477	0.9359210180562333	0.5334685598377282
602	0.19101199507713318	0.93464469386989	0.5386955052382562
603	2.1065605324110948e-05	0.9350200833364616	0.533197139938713
604	0.0004561212263070047	0.9334059086302038	0.5279291553133516
605	0.3702414929866791	0.9352453170164046	0.5353846153846155
606	0.08581214398145676	0.9345696159765757	0.5203361344537815
607	0.015477407723665237	0.9347573107098615	0.5303492709393014
608	0.07781379669904709	0.9355080896430046	0.5296928327645052
609	0.01622854731976986	0.933931453883404	0.5130260521042084
610	0.1635713279247284	0.9346071549232329	0.5185957594716719
611	0.08413407951593399	0.934869927549833	0.5288526816021724
612	0.0387839637696743	0.933443447576861	0.5196274118429807
613	0.3456946313381195	0.9342693044033185	0.523499142367067
614	0.06870677322149277	0.9354705506963474	0.5299898339545918
615	0.0012149810791015625	0.9346071549232329	0.5242784380305603
616	0.2754594683647156	0.9346822328165472	0.525
617	0.10010771453380585	0.9347197717632043	0.5299727520435967
618	0.47135621309280396	0.9356582454296333	0.5327896704043492
619	0.003867414314299822	0.9343819212432899	0.5207624234172906
620	0.022227538749575615	0.9350576222831187	0.5351056578050444
621	0.12466082721948624	0.9349074664964901	0.5263879369431117
622	0.09400705993175507	0.933931453883404	0.527833668678739
623	0.002591990865767002	0.9321671233905177	0.5243777702011592
624	0.12246262282133102	0.9363714854161193	0.5298913043478259
625	0.08744829148054123	0.9353954728030331	0.5221774193548386
626	0.05156591534614563	0.9342317654566613	0.5236194278110445
627	0.15375688672065735	0.9358084012162619	0.538725154215216
628	6.67572021484375e-06	0.9342317654566613	0.5275908479138627
629	0.12995046377182007	0.9371598032959195	0.540633608815427
630	0.006932725198566914	0.934419460189947	0.5214723926380368
631	0.010519345290958881	0.9352828559630617	0.535427807486631
632	0.1104196310043335	0.9347573107098615	0.539142273655548
633	0.011858582496643066	0.9343819212432899	0.5285285285285285
634	0.10515028983354568	0.9350951612297759	0.5279085406859448
635	0.0545366145670414	0.9349074664964901	0.5276625172890733
636	0.7134971022605896	0.9334059086302038	0.5283146829433706
637	0.0462239645421505	0.934419460189947	0.5258152173913043
638	0.5903764367103577	0.9353954728030331	0.5273530411145091
639	0.04181499406695366	0.9320920454972034	0.5183687226154364
640	0.0001354217529296875	0.9343819212432899	0.5262444971215713
641	0.07890981435775757	0.9345320770299186	0.5318559556786704
642	0.1529107540845871	0.9347197717632043	0.5277777777777778
643	0.1229468286037445	0.9353954728030331	0.5272727272727273
644	5.987416079733521e-05	0.935357933856376	0.5355592654424041
645	0.005051178392022848	0.935583167536319	0.5342087076710436
646	0.189876988530159	0.9349825443898044	0.5298281092012134
647	0.017306646332144737	0.9351702391230902	0.5329239167519617
648	0.00682317977771163	0.9349074664964901	0.5276567214213879
649	0.03494064509868622	0.9349450054431473	0.5357748389284505
650	0.022468293085694313	0.9343819212432899	0.5294515910629655
651	0.07085961848497391	0.9347573107098615	0.5322692574600971
652	0.10835593193769455	0.9347197717632043	0.5183175033921302
653	0.028708742931485176	0.9341191486166898	0.5235531628532973
654	0.00011396408081054688	0.9332182138969181	0.5158891142663963
655	2.7439050427346956e-06	0.9335936033634896	0.5171717171717172
656	0.02137470245361328	0.9348323886031757	0.5256277949776401
657	0.0005774497985839844	0.9337062202034611	0.5238735709482178
658	0.015526123344898224	0.9331055970569466	0.5247851949768672
659	0.7318868637084961	0.9353203949097189	0.5366518922604842
660	0.2060183584690094	0.9349450054431473	0.5361384458771633
661	0.022547772154211998	0.9356207064829761	0.5380952380952381
662	0.011705828830599785	0.934156687563347	0.5264577013818671
663	0.6586272120475769	0.9349074664964901	0.5355792368511515
664	0.0046769678592681885	0.9342317654566613	0.5263874702076949
665	0.07062914222478867	0.9336686812568039	0.5220966084275437
666	0.005506060551851988	0.93464469386989	0.5239551478083587
667	0.006686568260192871	0.9365967190960621	0.545071904594879
668	0.13930697739124298	0.9349074664964901	0.5349932705248991
669	0.01798384077847004	0.9356582454296333	0.5334233625928426
670	0.015337862074375153	0.9366342580427193	0.5438233264320221
671	0.07080543041229248	0.9343443822966327	0.5201342281879194
672	0.1349869966506958	0.9359585570028905	0.5346869712351946
673	0.010772105306386948	0.9356957843762904	0.5358721523291399
674	1.0476988554000854	0.9358834791095761	0.5372013651877132
675	0.11327437311410904	0.9352453170164046	0.5224602626123014
676	0.0023737589363008738	0.9358834791095761	0.5226130653266331
677	0.021549753844738007	0.9349825443898044	0.5180965147453083
678	0.00013746533659286797	0.935583167536319	0.524846834581348
679	0.5917338728904724	0.9343819212432899	0.5281010974393083
680	0.0027765734121203423	0.9332932917902323	0.5160862354892205
681	0.0029770764522254467	0.9347948496565186	0.5245015207840485
682	0.24051162600517273	0.9346822328165472	0.5167853509664292
683	1.07227623462677	0.9360336348962048	0.5328393398450657
684	0.05065940320491791	0.9360336348962048	0.5352308226310308
685	0.012002871371805668	0.9346822328165472	0.515498652291105
686	0.18856993317604065	0.9340816096700326	0.517020559487698
687	0.2737365663051605	0.9343819212432899	0.5319504851120775
688	0.008159436285495758	0.9346071549232329	0.5207496653279785
689	0.040998976677656174	0.9344945380832614	0.5224545766198149
690	0.02967389114201069	0.9361462517361763	0.5277587388622345
691	2.802335257001687e-05	0.9359585570028905	0.5256631071305546
692	0.016287414357066154	0.9352077780697473	0.5245130960376091
693	0.055814143270254135	0.9342317654566613	0.5284441398217957
694	0.012161201797425747	0.9338563759900897	0.5128032345013477
695	0.10553427785634995	0.9340440707233755	0.5179904955872369
696	0.005357646849006414	0.9337812980967755	0.5174777244688142
697	0.00499626575037837	0.9352077780697473	0.5244025580612588
698	0.0016505620442330837	0.9347197717632043	0.5257415615410842
699	0.0006211598520167172	0.9340440707233755	0.5170797052913596
700	0.3509918451309204	0.9351702391230902	0.5192572214580468
701	0.012170134112238884	0.9335185254701753	0.5126305153250252
702	0.1135043129324913	0.9355080896430046	0.5438957475994514
703	0.7579434514045715	0.9340065317767183	0.5186197471814145
704	0.12326979637145996	0.9330680581102895	0.5142665323934207
705	0.11506808549165726	0.933443447576861	0.5253833049403748
706	0.2702396810054779	0.9337062202034611	0.5239194985153415
707	0.028135469183325768	0.9342693044033185	0.5198630136986302
708	0.29502853751182556	0.9333308307368895	0.51879958606416
709	0.013689454644918442	0.9330305191636322	0.520694259012016
710	0.11051880568265915	0.9345320770299186	0.5140186915887851
711	0.004566192626953125	0.9341942265100042	0.5280665280665281
712	1.329989026999101e-05	0.9354330117496903	0.5342837746096403
713	0.27761197090148926	0.9347197717632043	0.5284303711270004
714	0.16805285215377808	0.9343819212432899	0.5292517006802722
715	0.0026356009766459465	0.9357708622696047	0.539509536784741
716	0.0044072759337723255	0.9343819212432899	0.5318711446196025
717	0.0	0.9356582454296333	0.5209742895805143
718	0.3311667740345001	0.9343443822966327	0.5292164674634795
719	0.5073246955871582	0.9343068433499756	0.5217100868403473
720	0.03403417766094208	0.9339689928300612	0.5333333333333333
721	0.005346851889044046	0.9334059086302038	0.5314207650273224
722	0.7108877301216125	0.9350576222831187	0.5303234501347709
723	0.21502485871315002	0.935357933856376	0.5327896704043492
724	0.7410305142402649	0.9360336348962048	0.5383834967872845
725	0.14292298257350922	0.9336686812568039	0.5240320427236316
726	0.038220155984163284	0.9347197717632043	0.5234028015032457
727	8.20159912109375e-05	0.9342317654566613	0.5316795172644988
728	0.2072858363389969	0.9338563759900897	0.534453781512605
729	0.7099952697753906	0.9356582454296333	0.5368991198375084
730	0.19525818526744843	0.9324674349637749	0.5213301981860934
731	0.04129963368177414	0.9330680581102895	0.5259959486833221
732	0.0925828218460083	0.9334809865235182	0.524827359421243
733	0.01931902952492237	0.9348323886031757	0.5294117647058824
734	0.005201915744692087	0.9338188370434326	0.5286103542234333
735	0.10947157442569733	0.9341191486166898	0.5326599326599327
736	0.0485718697309494	0.9332932917902323	0.5265306122448979
737	0.0014323184732347727	0.9358084012162619	0.5520082389289392
738	0.41545623540878296	0.9334059086302038	0.5190890823844608
739	0.01481687929481268	0.9345320770299186	0.5273224043715846
740	0.07194365561008453	0.9341942265100042	0.5383561643835616
741	0.13576653599739075	0.9329929802169751	0.5207341944255609
742	0.09195242822170258	0.9319794286572318	0.5136110200065596
743	0.051225967705249786	0.9337437591501182	0.523667659715326
744	0.06545139849185944	0.9334059086302038	0.5200134544231416
745	0.0847657099366188	0.9336686812568039	0.5206583809203896
746	0.1631826013326645	0.9331806749502609	0.522923588039867
747	0.09682635217905045	0.9323923570704606	0.5124579124579125
748	0.02315111644566059	0.9344569991366042	0.5249500998003992
749	0.08839058130979538	0.9354330117496903	0.5446519524617996
750	0.019774343818426132	0.9326926686437178	0.5210934863314208
751	0.0005190440570004284	0.9340065317767183	0.5346062052505967
752	0.6697375178337097	0.9346822328165472	0.5282763291567898
753	0.20938581228256226	0.9349825443898044	0.5249080575058509
754	0.8715779781341553	0.9344945380832614	0.522633744855967
755	0.0021972288377583027	0.9341942265100042	0.5303281405369572
756	0.10379279404878616	0.9319043507639175	0.5086516487104147
757	0.1101786345243454	0.9346822328165472	0.5237113402061856
758	0.01659575290977955	0.9333683696835466	0.5168010752688172
759	2.0619984297809424e-06	0.9354705506963474	0.5403337969401948
760	0.07942396402359009	0.9346822328165472	0.5224795640326976
761	0.07155263423919678	0.9345696159765757	0.5299087529570801
762	0.11608656495809555	0.9338188370434326	0.5249169435215947
763	0.07025859504938126	0.9349450054431473	0.5348758080979925
764	0.47586432099342346	0.9347948496565186	0.525503355704698
765	0.12726320326328278	0.9350951612297759	0.5113636363636364
766	0.0077269552275538445	0.936071173842862	0.5288429476492164
767	0.0947851613163948	0.9343068433499756	0.5167560321715818
768	0.30347442626953125	0.9357708622696047	0.5313145216792843
769	0.029657334089279175	0.9343443822966327	0.5254350736278447
770	0.02091159299015999	0.9349074664964901	0.5249055307454483
771	0.025851130485534668	0.9361462517361763	0.5303643724696357
772	0.0009463098249398172	0.9343819212432899	0.5298804780876494
773	0.2592892646789551	0.9350576222831187	0.5257104194857916
774	0.6144744157791138	0.9342317654566613	0.5207700101317122
775	0.3195211589336395	0.9335936033634896	0.5149818900230491
776	0.11129941791296005	0.9350576222831187	0.5295098366122041
777	0.028308406472206116	0.9329179023236608	0.5202544358888517
778	0.044939808547496796	0.9328803633770036	0.5123477115574581
779	0.005724738817662001	0.9343819212432899	0.5264945652173914
780	1.1324882507324219e-05	0.9345696159765757	0.515498652291105
781	0.026420410722494125	0.9350576222831187	0.5379918588873812
782	0.18931670486927032	0.9336311423101468	0.5234401349072513
783	0.17195315659046173	0.9350951612297759	0.5347985347985347
784	0.0010509490966796875	0.9342317654566613	0.5151414309484192
785	0.03316628187894821	0.9366717969893765	0.5365025466893039
786	0.0012481689918786287	0.93464469386989	0.514070006863418
787	0.02212800644338131	0.9352453170164046	0.5260347129506008
788	0.3324104845523834	0.9346071549232329	0.5284552845528455
789	0.07524548470973969	0.9347197717632043	0.5207140451330415
790	0.11104748398065567	0.934869927549833	0.524147247551503
791	0.06042223796248436	0.9361462517361763	0.5228046289993192
792	0.005146989598870277	0.9324674349637749	0.5134506808369314
793	0.1864500641822815	0.9347197717632043	0.5333776154101627
794	0.17236889898777008	0.9373099590825481	0.5463313813296589
795	0.03624492883682251	0.9355080896430046	0.5349626612355736
796	0.1081593856215477	0.9332932917902323	0.5094652939222849
797	0.2480013519525528	0.9349825443898044	0.524837273038712
798	0.017592530697584152	0.935357933856376	0.5322471147318398
799	0.1171366274356842	0.9345696159765757	0.5289367429340511
800	0.6546781063079834	0.9325425128570892	0.5059681697612732
801	0.05952385440468788	0.9349074664964901	0.5387478849407783
802	0.051449231803417206	0.9341191486166898	0.5278984296692282
803	0.11194467544555664	0.9335185254701753	0.5194369973190349
804	4.8897483793552965e-05	0.9330305191636322	0.5120805369127517
805	0.01429198868572712	0.9332182138969181	0.5154707044107966
806	0.4052155911922455	0.9329554412703179	0.5123686885801424
807	1.602172778802924e-05	0.9343443822966327	0.5196111297351659
808	0.010140745900571346	0.9352077780697473	0.53125
809	0.0552864596247673	0.933931453883404	0.524390243902439
810	0.16137367486953735	0.9343443822966327	0.52228875582169
811	0.011524623259902	0.9336686812568039	0.5181969949916527
812	0.11220842599868774	0.9317917339239461	0.512042230287034
813	0.013401906006038189	0.9340065317767183	0.5195339273474983
814	0.04543668031692505	0.9348323886031757	0.5253893026404876
815	0.12046314775943756	0.9332932917902323	0.5178511845178512
816	0.10537054389715195	0.9329929802169751	0.5127860026917901
817	2.119276274470394e-07	0.9320920454972034	0.5207062600321029
818	0.15764987468719482	0.9343443822966327	0.5169927909371782
819	0.19591741263866425	0.9346071549232329	0.5120772946859904
820	0.2101721167564392	0.9336311423101468	0.5187870797626895
821	0.13602104783058167	0.9337062202034611	0.5161290322580645
822	0.04103120416402817	0.9338188370434326	0.5157441166721908
823	0.12784343957901	0.934156687563347	0.524689284514612
824	0.004007083363831043	0.9336311423101468	0.505427408412483
825	0.11662954837083817	0.931754194977289	0.5023071852340145
826	0.034377939999103546	0.9318668118172604	0.5028043549983504
827	0.04502785578370094	0.9329179023236608	0.5261394101876676
828	0.1289062201976776	0.9337812980967755	0.5253360910031024
829	0.02327210269868374	0.9319418897105747	0.5092961487383798
830	0.0005370830767787993	0.9324298960171178	0.5046854082998661
831	0.0	0.9340065317767183	0.5268490374873354
832	0.017067957669496536	0.9335936033634896	0.5246995994659546
833	0.016719844192266464	0.9334809865235182	0.5207496653279785
834	0.0	0.9335936033634896	0.5200945626477542
835	0.09222623705863953	0.9338939149367469	0.5166889185580774
836	0.29730024933815	0.9313788055107174	0.5119840213049268
837	0.0020577749237418175	0.9323172791771462	0.5054294175715696
838	0.006517617963254452	0.9330305191636322	0.5191201353637902
839	0.013465608470141888	0.933443447576861	0.5209640145262463
840	0.05335821583867073	0.9333308307368895	0.513184584178499
841	0.2584606409072876	0.9327302075903751	0.5035726437563797
842	0.0003476142883300781	0.9328428244303465	0.5158249158249159
843	0.00045351980952546	0.9326175907504035	0.5098563314400267
844	0.14035390317440033	0.9331055970569466	0.510793756227167
845	0.0675232857465744	0.9329929802169751	0.5181278839815424
846	0.033742211759090424	0.9344569991366042	0.5179417738659444
847	0.00897637102752924	0.9340065317767183	0.5165876777251185
848	0.07933854311704636	0.9335185254701753	0.5122035063595737
849	0.020892713218927383	0.9346822328165472	0.5207700101317122
850	0.18990781903266907	0.935132700176433	0.5228581103962073
851	0.0033891042694449425	0.934156687563347	0.5161076054466953
852	0.04515930637717247	0.9341191486166898	0.5201217450118363
853	0.011930790729820728	0.9309658770974887	0.5029546946815496
854	2.0532046619337052e-05	0.9345320770299186	0.5233968804159446
855	0.11476871371269226	0.9338939149367469	0.5206117021276596
856	0.01471609715372324	0.9337437591501182	0.511968085106383
857	0.054997507482767105	0.9342693044033185	0.5239379635873229
858	0.0428181029856205	0.9334059086302038	0.5106529209621994
859	0.0005891323089599609	0.9332182138969181	0.510934393638171
860	0.006519037298858166	0.9327677465370322	0.508108108108108
861	0.035259053111076355	0.9343819212432899	0.5202352127291594
862	4.1838616198219825e-06	0.9341191486166898	0.5032214309935572
863	0.044426996260881424	0.9352828559630617	0.5266757865937073
864	0.15696631371974945	0.9337062202034611	0.5176151761517614
865	0.0	0.9338939149367469	0.5114093959731543
866	0.06402580440044403	0.9337812980967755	0.5173587474472431
867	0.0015575289726257324	0.9343443822966327	0.521150592216582
868	0.2028072476387024	0.9346822328165472	0.5346260387811634
869	3.1415154808200896e-05	0.9360336348962048	0.5234028015032457
870	0.27216124534606934	0.9341191486166898	0.5209969272789349
871	0.013787006959319115	0.9332557528435752	0.5132203389830509
872	0.14224480092525482	0.9319043507639175	0.49869960988296486
873	0.093722403049469	0.9335560644168325	0.5058259081562714
874	0.05870644375681877	0.9331806749502609	0.5191460521856996
875	8.998773409985006e-06	0.9335560644168325	0.5168986083499006
876	0.03272218629717827	0.9343443822966327	0.5143824027072758
877	0.004652812611311674	0.9326551296970607	0.5066225165562914
878	0.22365161776542664	0.9342317654566613	0.5211459754433834
879	0.3728998303413391	0.9328428244303465	0.5102383350117489
880	0.0008954135118983686	0.9325049739104321	0.5130111524163569
881	0.3643651306629181	0.9336311423101468	0.519674355495251
882	0.0028059084434062243	0.9347573107098615	0.5182186234817814
883	0.08951543271541595	0.9340816096700326	0.5156353958749168
884	0.00020151553326286376	0.9329554412703179	0.5230460921843688
885	0.016729218885302544	0.9328803633770036	0.5134250163719712
886	0.294622004032135	0.9345696159765757	0.5228130360205833
887	0.10336646437644958	0.933443447576861	0.5125292348813899
888	0.01890615001320839	0.9325049739104321	0.5076007931262392
889	0.3848891854286194	0.9342317654566613	0.5275747508305648
890	0.17894476652145386	0.934869927549833	0.5233022636484687
891	0.0300445556640625	0.9346071549232329	0.5308600337268129
892	0.04947882890701294	0.9349450054431473	0.5177111716621253
893	0.2278316468000412	0.9329554412703179	0.520682862770847
894	0.4646933972835541	0.9354705506963474	0.5234853641933287
895	0.15461836755275726	0.9354705506963474	0.5252185608607934
896	0.1876043677330017	0.9329554412703179	0.5118191161356629
897	0.04621090367436409	0.9328052854836894	0.52022361065439
898	0.010554068721830845	0.933443447576861	0.5264957264957265
899	0.007475956343114376	0.9357708622696047	0.5214785214785215
900	0.029324650764465332	0.9359210180562333	0.5373443983402489
901	0.00018098618602380157	0.9340065317767183	0.5166223404255319
902	0.0412091426551342	0.9333683696835466	0.5040214477211796
903	0.33004629611968994	0.9344569991366042	0.5167495854063019
904	0.009766940958797932	0.9337437591501182	0.5177733065057009
905	0.182059645652771	0.9342693044033185	0.5253790375741595
906	0.013965116813778877	0.9330305191636322	0.5135492399206875
907	0.4781542718410492	0.9336686812568039	0.5215686274509804
908	0.004145829007029533	0.9340440707233755	0.5128547579298831
909	0.061316799372434616	0.9361837906828334	0.532471948316899
910	0.012515712529420853	0.9343443822966327	0.5240901213171577
911	0.8535576462745667	0.9336311423101468	0.5161512027491408
912	0.002146696439012885	0.9339689928300612	0.5194206714944041
913	0.10273320972919464	0.9353954728030331	0.5261726716519375
914	0.018137942999601364	0.9337812980967755	0.5086092715231789
915	0.2472214698791504	0.9347573107098615	0.5247122545700744
916	0.009146194905042648	0.9353203949097189	0.5363881401617251
917	0.10739826411008835	0.9338563759900897	0.5206611570247934
918	0.015945523977279663	0.9339689928300612	0.5188145188145188
919	0.5887256860733032	0.9328052854836894	0.5100929189362384
920	0.12132171541452408	0.9341942265100042	0.5248899424314257
921	8.803147579783399e-07	0.9346071549232329	0.5331034482758621
922	0.10695727914571762	0.9344945380832614	0.5208191126279864
923	0.14883050322532654	0.9340440707233755	0.5080971659919028
924	0.0031856668647378683	0.9332932917902323	0.5237934525818427
925	0.15610623359680176	0.9338188370434326	0.5179229480737018
926	0.0023218009155243635	0.9350576222831187	0.529214237743452
927	0.0	0.933443447576861	0.5146159075458872
928	0.3120975196361542	0.9332182138969181	0.522322927156764
929	0.02034703455865383	0.9336311423101468	0.5147255689424364
930	0.019394446164369583	0.9319794286572318	0.49967469095640854
931	0.3596971333026886	0.9338188370434326	0.5163879598662208
932	0.017331494018435478	0.933931453883404	0.5205479452054794
933	0.008274437859654427	0.9345320770299186	0.5287201881088344
934	0.2968423366546631	0.9329554412703179	0.5130751406818935
935	0.2560743987560272	0.93464469386989	0.5254691689008043
936	0.08253846317529678	0.9357708622696047	0.534345875043148
937	0.006047357805073261	0.9345320770299186	0.5236486486486486
938	0.11899946630001068	0.933931453883404	0.5132862428523378
939	0.15879246592521667	0.9347948496565186	0.5151311365164761
940	4.279904260329204e-06	0.9337437591501182	0.5167626142905519
941	0.06671142578125	0.9347573107098615	0.5194717236708432
942	0.03492775186896324	0.9339689928300612	0.5200276243093922
943	0.018282433971762657	0.9337812980967755	0.5154155495978551
944	0.15829531848430634	0.9334809865235182	0.4972972972972973
945	0.009870943613350391	0.934869927549833	0.5215358931552588
946	0.3360890746116638	0.9342693044033185	0.5179417738659444
947	0.0012879144633188844	0.9349825443898044	0.5249080575058509
948	0.27259746193885803	0.9338563759900897	0.5137861466039005
949	0.02358054369688034	0.9335185254701753	0.5185185185185185
950	0.008939138613641262	0.9357708622696047	0.5406324379462768
951	0.19315806031227112	0.9340065317767183	0.5297046133421838
952	0.0005658789305016398	0.9341191486166898	0.5271684103948701
953	0.008223113603889942	0.934869927549833	0.5333333333333334
954	0.001337797730229795	0.9353203949097189	0.5371312309257376
955	0.07716642320156097	0.9335185254701753	0.5172529313232832
956	0.05093871057033539	0.9350576222831187	0.5228187919463086
957	0.028533587232232094	0.935132700176433	0.5204560697518446
958	0.019286951050162315	0.9337812980967755	0.5080724876441516
959	0.118273064494133	0.9333683696835466	0.5168465816159634
960	0.005733828991651535	0.9331806749502609	0.5090060040026684
961	0.0358547642827034	0.9334809865235182	0.5205852330724736
962	0.10578452050685883	0.9349074664964901	0.5290102389078497
963	0.0006589387776330113	0.9346822328165472	0.5247457627118645
964	0.057927485555410385	0.9334809865235182	0.5182432432432432
965	0.00676102377474308	0.9345696159765757	0.5206779661016949
966	0.0015632628928869963	0.9346822328165472	0.5185185185185186
967	0.1565876007080078	0.9352453170164046	0.5282121006118287
968	0.06336525082588196	0.9334809865235182	0.5136110200065596
969	0.0013509114505723119	0.9341942265100042	0.5229419703103915
970	0.19191569089889526	0.9341191486166898	0.5221707478491066
971	0.014348245225846767	0.9344569991366042	0.5129604365620737
972	0.031553033739328384	0.9333308307368895	0.5149983147960904
973	0.14464065432548523	0.9348323886031757	0.5281714483235396
974	0.00036792753962799907	0.9359960959495477	0.5379594641016834
975	0.05649740621447563	0.9336311423101468	0.5127367733507512
976	0.02149912156164646	0.93464469386989	0.5170113408939293
977	0.09187371283769608	0.9350951612297759	0.5279187817258882
978	0.038238584995269775	0.9342317654566613	0.5140277329893583
979	0.0057875313796103	0.9350951612297759	0.523680649526387
980	5.7220458984375e-05	0.9335936033634896	0.510891089108911
981	0.12384001910686493	0.9344569991366042	0.524689284514612
982	0.12027151137590408	0.9354330117496903	0.5234085550690468
983	0.048410478979349136	0.9342693044033185	0.523087293562521
984	0.3124127686023712	0.9357333233229476	0.5239043824701195
985	0.010166306979954243	0.9347197717632043	0.5218253968253967
986	0.02887580730021	0.9344945380832614	0.527711662699762
987	0.08711748570203781	0.933931453883404	0.5164257555847568
988	0.01338417548686266	0.9355456285896617	0.5175997318136104
989	0.24703001976013184	0.9343068433499756	0.5169435215946844
990	0.07398929446935654	0.935132700176433	0.5228161668839636
991	4.7103218093980104e-05	0.93464469386989	0.5128712871287129
992	0.01739390380680561	0.9350576222831187	0.5163685453931827
993	0.7684004902839661	0.9333683696835466	0.5228377065111759
994	0.2001335769891739	0.9350200833364616	0.5258827562564278
995	0.0011359623167663813	0.936071173842862	0.5277591973244147
996	0.8743394017219543	0.9344945380832614	0.5176548967355097
997	0.019914206117391586	0.9359210180562333	0.5101270168211467
998	0.03409257531166077	0.9342317654566613	0.5041023957991467
999	0.2666228711605072	0.9359960959495477	0.5389418337167269
1000	0.1575004756450653	0.9344945380832614	0.5260945709281961
1001	0.20299497246742249	0.9352077780697473	0.5248747913188648
1002	0.017854489386081696	0.9353203949097189	0.5256578947368422
1003	0.02124704420566559	0.9357708622696047	0.5302104548540393
1004	0.2655549943447113	0.9370847254026052	0.5257801899592945
1005	0.1307753622531891	0.9364841022560907	0.5392022008253095
1006	0.07699647545814514	0.9362213296294906	0.5308184573930617
1007	0.0008861180976964533	0.9351702391230902	0.5377926421404682
1008	0.003033260814845562	0.9350200833364616	0.5280861083081063
1009	0.0038510428275913	0.9352828559630617	0.5217689406924922
1010	0.00559234619140625	0.9343068433499756	0.5199047294998298
1011	0.04996299743652344	0.9358084012162619	0.5377294357579878
1012	0.37085357308387756	0.9351702391230902	0.5353333333333333
1013	0.0030490702483803034	0.9353954728030331	0.5276567214213879
1014	0.0013723032316192985	0.935583167536319	0.5245559038662486
1015	0.05310157313942909	0.9363339464694621	0.532803180914513
1016	0.0012857774272561073	0.9355456285896617	0.5197817189631652
1017	0.0077953338623046875	0.9361462517361763	0.5359301544660846
1018	0.23146849870681763	0.9347197717632043	0.5260710727333112
1019	0.023929566144943237	0.9344569991366042	0.528127068166777
1020	2.307891918462701e-05	0.9347573107098615	0.522207267833109
1021	0.008216006681323051	0.9330305191636322	0.5179045092838197
1022	0.15795151889324188	0.9345320770299186	0.5282271376691977
1023	0.003460407257080078	0.934156687563347	0.5314455054329932
1024	5.994524144625757e-06	0.9338563759900897	0.5227882037533511
1025	0.4398265480995178	0.9349074664964901	0.5264220801077079
1026	0.018777605146169662	0.9349074664964901	0.5307206908003985
1027	0.21022824943065643	0.9346071549232329	0.5338196286472149
1028	0.40040117502212524	0.9340816096700326	0.5243421052631578
1029	0.4861001670360565	0.9357708622696047	0.534500168293504
1030	0.003815676784142852	0.934869927549833	0.5303492709393014
1031	0.0002037395170191303	0.9350200833364616	0.5229846768820786
1032	0.00034033734118565917	0.931754194977289	0.5042961004626569
1033	0.21340733766555786	0.9347197717632043	0.5265905383360522
1034	0.24932987987995148	0.9356957843762904	0.5257218718884833
1035	0.293215811252594	0.9364841022560907	0.5354969574036511
1036	0.002048992086201906	0.9356957843762904	0.5278984296692282
1037	0.0009396703680977225	0.9354705506963474	0.5310580204778157
1038	0.04017237573862076	0.9346822328165472	0.5194109772423026
1039	0.20397810637950897	0.9347948496565186	0.5210650488709134
1040	0.08422887325286865	0.9347197717632043	0.528688524590164
1041	0.057359617203474045	0.9337437591501182	0.5163660654642619
1042	9.5367431640625e-06	0.9340065317767183	0.5234215885947048
1043	0.20478792488574982	0.9370847254026052	0.5462126476719944
1044	0.011019297875463963	0.9343068433499756	0.5242847638057219
1045	0.8084763884544373	0.9349450054431473	0.5206043956043956
1046	0.019844267517328262	0.9328803633770036	0.5160213618157544
1047	0.29760608077049255	0.9343819212432899	0.520149001015916
1048	8.11125137261115e-05	0.934869927549833	0.5251095382541286
1049	0.0013603568077087402	0.935357933856376	0.5259938837920489
1050	0.21597415208816528	0.935132700176433	0.5271470878578479
1051	0.24751339852809906	0.9346071549232329	0.524983344437042
1052	0.021516436710953712	0.9337062202034611	0.522207267833109
1053	0.15639857947826385	0.9325049739104321	0.5030914415880248
1054	0.204759418964386	0.9333683696835466	0.5110220440881764
1055	0.0018790109315887094	0.934869927549833	0.5267433987813135
1056	0.0	0.9337812980967755	0.5158576051779935
1057	0.5620453357696533	0.9331806749502609	0.5242784380305603
1058	0.24091792106628418	0.9343443822966327	0.5312290127602418
1059	0.7396430969238281	0.9333683696835466	0.5148185148185148
1060	0.1464535892009735	0.9321295844438605	0.5075978014872292
1061	0.078550323843956	0.9333308307368895	0.51900826446281
1062	0.47054579854011536	0.9349825443898044	0.5299431247909
1063	0.19827505946159363	0.9352828559630617	0.534136546184739
1064	0.02905857004225254	0.9349450054431473	0.5354597896165593
1065	0.08230914175510406	0.9332932917902323	0.5152519893899205
1066	0.07290338724851608	0.9334809865235182	0.5188866799204771
1067	0.020968718454241753	0.9336311423101468	0.5197889182058048
1068	0.19431447982788086	0.9349074664964901	0.527509169723241
1069	0.014023463241755962	0.9341191486166898	0.5258184272696591
1070	0.08618784695863724	0.9346822328165472	0.5279255319148936
1071	0.1517440527677536	0.9338939149367469	0.5283901135604542
1072	0.05265650153160095	0.9344569991366042	0.5234669407331278
1073	0.207283154129982	0.933443447576861	0.5279291553133516
1074	0.005757210776209831	0.9319418897105747	0.5008204791598293
1075	0.0065204002894461155	0.934156687563347	0.5205205205205204
1076	0.24169227480888367	0.9328428244303465	0.5112881806108899
1077	0.3946513831615448	0.9340440707233755	0.5116588940706196
1078	0.4015974998474121	0.9343068433499756	0.5197701926326461
1079	0.3056730329990387	0.9354705506963474	0.5393028024606973
1080	0.07445119321346283	0.9343443822966327	0.5281124497991969
1081	0.13166356086730957	0.9350951612297759	0.5288135593220338
1082	0.2357683926820755	0.9352077780697473	0.5307356399059456
1083	0.11679323762655258	0.9333683696835466	0.5232596502804354
1084	0.0632113441824913	0.9338563759900897	0.515702479338843
1085	0.013426871038973331	0.9342317654566613	0.5330204492122025
1086	0.006118858698755503	0.9335185254701753	0.5182701977874624
1087	0.6324962377548218	0.933443447576861	0.5241286863270777
1088	0.1302613466978073	0.9319794286572318	0.5066840560808609
1089	0.0016344022005796432	0.933443447576861	0.5089226701916723
1090	6.89697262714617e-05	0.9345696159765757	0.5358620689655172
1091	0.05055156722664833	0.93464469386989	0.5331991951710261
1092	0.01189086027443409	0.9340065317767183	0.5248655913978494
1093	0.07227006554603577	0.9335185254701753	0.5294313269038909
1094	0.006964222528040409	0.9335936033634896	0.5257255936675462
1095	0.2183249145746231	0.9340816096700326	0.5355842436279378
1096	0.10348021239042282	0.9356582454296333	0.5363391655450874
1097	0.3155508041381836	0.9332182138969181	0.5129913391072619
1098	0.0004774475237354636	0.9332932917902323	0.5163185378590078
1099	1.6187546253204346	0.9319418897105747	0.5017805114923924
1100	0.0007529122522100806	0.9336311423101468	0.5264559068219634
1101	0.04162406921386719	0.9343443822966327	0.5255275697753574
1102	0.1298266053199768	0.9340065317767183	0.5277968428277282
1103	0.15408027172088623	0.932242201283832	0.5212520593080725
1104	0.015618698671460152	0.9332557528435752	0.5291390728476821
1105	0.17296554148197174	0.9351702391230902	0.5257489060922248
1106	0.33520713448524475	0.9336686812568039	0.5225653206650832
1107	6.001336078043096e-05	0.9343068433499756	0.5297079556898289
1108	0.08182118088006973	0.9342317654566613	0.5346869712351946
1109	0.036821458488702774	0.9344945380832614	0.5267022696929239
1110	0.08023707568645477	0.9326175907504035	0.5126853377265239
1111	0.022105026990175247	0.9361837906828334	0.5342837746096403
1112	0.2529639005661011	0.9369721085626337	0.5380919698009609
1113	0.0001389288081554696	0.9355456285896617	0.5282380791342577
1114	0.09710297733545303	0.9356207064829761	0.5366677931733693
1115	6.103515625e-05	0.9352453170164046	0.5322687957418497
1116	0.05560951679944992	0.9331431360036038	0.5198237885462554
1117	0.020731056109070778	0.931754194977289	0.5094462540716613
1118	0.3647005558013916	0.9353203949097189	0.5353362922499146
1119	0.13788722455501556	0.9328803633770036	0.5185936443542934
1120	0.021115634590387344	0.9347948496565186	0.5216508795669825
1121	0.0	0.9349074664964901	0.5378036264112213
1122	0.18426553905010223	0.9338563759900897	0.5117647058823529
1123	0.0009132858249358833	0.9329179023236608	0.52141652613828
1124	5.497651727637276e-06	0.9350576222831187	0.539279588336192
1125	0.3675621747970581	0.9345320770299186	0.5320230430362589
1126	0.0006138194585219026	0.9340440707233755	0.5338294993234101
1127	0.0011987686157226562	0.9342317654566613	0.5262083049693669
1128	0.4234426021575928	0.933931453883404	0.5306943978530695
1129	0.010776622220873833	0.9345320770299186	0.5316973415132924
1130	0.02429344691336155	0.9338563759900897	0.5240000000000001
1131	0.015292216092348099	0.934419460189947	0.530901722391084
1132	0.203654482960701	0.9338188370434326	0.5238256167624197
1133	0.10716073960065842	0.9356957843762904	0.5333787465940054
1134	0.17389611899852753	0.934419460189947	0.523921043827367
1135	0.11812179535627365	0.9340065317767183	0.5235993208828523
1136	0.015388350933790207	0.9333308307368895	0.5203252032520326
1137	0.24787218868732452	0.9307031044708886	0.5086782376502003
1138	0.04130193963646889	0.9331806749502609	0.5330661322645291
1139	0.20526881515979767	0.9341942265100042	0.5251655629139074
1140	0.12843072414398193	0.9347573107098615	0.5334699453551913
1141	0.0003944219497498125	0.9337812980967755	0.5193667901650388
1142	0.033821024000644684	0.9334059086302038	0.5224738087191619
1143	0.044548626989126205	0.9344569991366042	0.5305982905982907
1144	0.10041522979736328	0.9335560644168325	0.519945909398242
1145	0.010470476932823658	0.9335560644168325	0.5212121212121212
1146	0.0007792881806381047	0.9338563759900897	0.5282121006118287
1147	0.120980404317379	0.9325800518037464	0.520686175580222
1148	0.3982584476470947	0.9335185254701753	0.5248508946322068
